{
  "tabby": 0.5078843235969543,
  "lynx": 0.1898527443408966,
  "tiger_cat": 0.16152918338775635,
  "tiger": 0.054622288793325424,
  "Egyptian_cat": 0.048942938446998596
}