{
  "Egyptian_cat": 0.1024014875292778,
  "tiger_cat": 0.08781588077545166,
  "screen": 0.08191099017858505
}