{
  "lynx": 0.14712761342525482,
  "tabby": 0.14669615030288696,
  "tiger_cat": 0.12107311189174652
}